,"Transformer,lr_schedule=ExponentialLR, loss_criterion=CrossEntropyLoss(), net_expansion_factor=4, n_layers=4, n_heads=5, attention_type=dot_product, lr=0.01, gamma=0.9994,  mask yes","Transformer,lr_schedule=ExponentialLR, loss_criterion=CrossEntropyLoss(), net_expansion_factor=4, n_layers=4, n_heads=5, attention_type=dot_product, lr=0.01, gamma=0.9996,  mask yes","Transformer,lr_schedule=ExponentialLR, loss_criterion=CrossEntropyLoss(), net_expansion_factor=4, n_layers=4, n_heads=5, attention_type=dot_product, lr=0.01, gamma=1,  mask yes","Transformer,lr_schedule=ExponentialLR, loss_criterion=CrossEntropyLoss(), net_expansion_factor=4, n_layers=4, n_heads=5, attention_type=dot_product, lr=0.001, gamma=0.9994,  mask yes","Transformer,lr_schedule=ExponentialLR, loss_criterion=CrossEntropyLoss(), net_expansion_factor=4, n_layers=4, n_heads=5, attention_type=dot_product, lr=0.001, gamma=0.9996,  mask yes","Transformer,lr_schedule=ExponentialLR, loss_criterion=CrossEntropyLoss(), net_expansion_factor=4, n_layers=4, n_heads=5, attention_type=dot_product, lr=0.001, gamma=1,  mask yes","Transformer,lr_schedule=ExponentialLR, loss_criterion=CrossEntropyLoss(), net_expansion_factor=4, n_layers=4, n_heads=5, attention_type=expressive, lr=0.01, gamma=0.9994,  mask yes","Transformer,lr_schedule=ExponentialLR, loss_criterion=CrossEntropyLoss(), net_expansion_factor=4, n_layers=4, n_heads=5, attention_type=expressive, lr=0.01, gamma=0.9996,  mask yes","Transformer,lr_schedule=ExponentialLR, loss_criterion=CrossEntropyLoss(), net_expansion_factor=4, n_layers=4, n_heads=5, attention_type=expressive, lr=0.01, gamma=1,  mask yes","Transformer,lr_schedule=ExponentialLR, loss_criterion=CrossEntropyLoss(), net_expansion_factor=4, n_layers=4, n_heads=5, attention_type=expressive, lr=0.001, gamma=0.9994,  mask yes","Transformer,lr_schedule=ExponentialLR, loss_criterion=CrossEntropyLoss(), net_expansion_factor=4, n_layers=4, n_heads=5, attention_type=expressive, lr=0.001, gamma=0.9996,  mask yes","Transformer,lr_schedule=ExponentialLR, loss_criterion=CrossEntropyLoss(), net_expansion_factor=4, n_layers=4, n_heads=5, attention_type=expressive, lr=0.001, gamma=1,  mask yes","Transformer,lr_schedule=ExponentialLR, loss_criterion=CrossEntropyLoss(), net_expansion_factor=4, n_layers=4, n_heads=7, attention_type=dot_product, lr=0.01, gamma=0.9994,  mask yes","Transformer,lr_schedule=ExponentialLR, loss_criterion=CrossEntropyLoss(), net_expansion_factor=4, n_layers=4, n_heads=7, attention_type=dot_product, lr=0.01, gamma=0.9996,  mask yes","Transformer,lr_schedule=ExponentialLR, loss_criterion=CrossEntropyLoss(), net_expansion_factor=4, n_layers=4, n_heads=7, attention_type=dot_product, lr=0.01, gamma=1,  mask yes","Transformer,lr_schedule=ExponentialLR, loss_criterion=CrossEntropyLoss(), net_expansion_factor=4, n_layers=4, n_heads=7, attention_type=dot_product, lr=0.001, gamma=0.9994,  mask yes","Transformer,lr_schedule=ExponentialLR, loss_criterion=CrossEntropyLoss(), net_expansion_factor=4, n_layers=4, n_heads=7, attention_type=dot_product, lr=0.001, gamma=0.9996,  mask yes","Transformer,lr_schedule=ExponentialLR, loss_criterion=CrossEntropyLoss(), net_expansion_factor=4, n_layers=4, n_heads=7, attention_type=dot_product, lr=0.001, gamma=1,  mask yes","Transformer,lr_schedule=ExponentialLR, loss_criterion=CrossEntropyLoss(), net_expansion_factor=4, n_layers=4, n_heads=7, attention_type=expressive, lr=0.01, gamma=0.9994,  mask yes","Transformer,lr_schedule=ExponentialLR, loss_criterion=CrossEntropyLoss(), net_expansion_factor=4, n_layers=4, n_heads=7, attention_type=expressive, lr=0.01, gamma=0.9996,  mask yes","Transformer,lr_schedule=ExponentialLR, loss_criterion=CrossEntropyLoss(), net_expansion_factor=4, n_layers=4, n_heads=7, attention_type=expressive, lr=0.01, gamma=1,  mask yes","Transformer,lr_schedule=ExponentialLR, loss_criterion=CrossEntropyLoss(), net_expansion_factor=4, n_layers=4, n_heads=7, attention_type=expressive, lr=0.001, gamma=0.9994,  mask yes","Transformer,lr_schedule=ExponentialLR, loss_criterion=CrossEntropyLoss(), net_expansion_factor=4, n_layers=4, n_heads=7, attention_type=expressive, lr=0.001, gamma=0.9996,  mask yes","Transformer,lr_schedule=ExponentialLR, loss_criterion=CrossEntropyLoss(), net_expansion_factor=4, n_layers=4, n_heads=7, attention_type=expressive, lr=0.001, gamma=1,  mask yes","Transformer,lr_schedule=ExponentialLR, loss_criterion=MSELoss(), net_expansion_factor=4, n_layers=4, n_heads=5, attention_type=dot_product, lr=0.01, gamma=0.9994,  mask yes","Transformer,lr_schedule=ExponentialLR, loss_criterion=MSELoss(), net_expansion_factor=4, n_layers=4, n_heads=5, attention_type=dot_product, lr=0.01, gamma=0.9996,  mask yes","Transformer,lr_schedule=ExponentialLR, loss_criterion=MSELoss(), net_expansion_factor=4, n_layers=4, n_heads=5, attention_type=dot_product, lr=0.01, gamma=1,  mask yes","Transformer,lr_schedule=ExponentialLR, loss_criterion=MSELoss(), net_expansion_factor=4, n_layers=4, n_heads=5, attention_type=dot_product, lr=0.001, gamma=0.9994,  mask yes","Transformer,lr_schedule=ExponentialLR, loss_criterion=MSELoss(), net_expansion_factor=4, n_layers=4, n_heads=5, attention_type=dot_product, lr=0.001, gamma=0.9996,  mask yes","Transformer,lr_schedule=ExponentialLR, loss_criterion=MSELoss(), net_expansion_factor=4, n_layers=4, n_heads=5, attention_type=dot_product, lr=0.001, gamma=1,  mask yes","Transformer,lr_schedule=ExponentialLR, loss_criterion=MSELoss(), net_expansion_factor=4, n_layers=4, n_heads=5, attention_type=expressive, lr=0.01, gamma=0.9994,  mask yes","Transformer,lr_schedule=ExponentialLR, loss_criterion=MSELoss(), net_expansion_factor=4, n_layers=4, n_heads=5, attention_type=expressive, lr=0.01, gamma=0.9996,  mask yes","Transformer,lr_schedule=ExponentialLR, loss_criterion=MSELoss(), net_expansion_factor=4, n_layers=4, n_heads=5, attention_type=expressive, lr=0.01, gamma=1,  mask yes","Transformer,lr_schedule=ExponentialLR, loss_criterion=MSELoss(), net_expansion_factor=4, n_layers=4, n_heads=5, attention_type=expressive, lr=0.001, gamma=0.9994,  mask yes","Transformer,lr_schedule=ExponentialLR, loss_criterion=MSELoss(), net_expansion_factor=4, n_layers=4, n_heads=5, attention_type=expressive, lr=0.001, gamma=0.9996,  mask yes","Transformer,lr_schedule=ExponentialLR, loss_criterion=MSELoss(), net_expansion_factor=4, n_layers=4, n_heads=5, attention_type=expressive, lr=0.001, gamma=1,  mask yes","Transformer,lr_schedule=ExponentialLR, loss_criterion=MSELoss(), net_expansion_factor=4, n_layers=4, n_heads=7, attention_type=dot_product, lr=0.01, gamma=0.9994,  mask yes","Transformer,lr_schedule=ExponentialLR, loss_criterion=MSELoss(), net_expansion_factor=4, n_layers=4, n_heads=7, attention_type=dot_product, lr=0.01, gamma=0.9996,  mask yes","Transformer,lr_schedule=ExponentialLR, loss_criterion=MSELoss(), net_expansion_factor=4, n_layers=4, n_heads=7, attention_type=dot_product, lr=0.01, gamma=1,  mask yes","Transformer,lr_schedule=ExponentialLR, loss_criterion=MSELoss(), net_expansion_factor=4, n_layers=4, n_heads=7, attention_type=dot_product, lr=0.001, gamma=0.9994,  mask yes","Transformer,lr_schedule=ExponentialLR, loss_criterion=MSELoss(), net_expansion_factor=4, n_layers=4, n_heads=7, attention_type=dot_product, lr=0.001, gamma=0.9996,  mask yes","Transformer,lr_schedule=ExponentialLR, loss_criterion=MSELoss(), net_expansion_factor=4, n_layers=4, n_heads=7, attention_type=dot_product, lr=0.001, gamma=1,  mask yes","Transformer,lr_schedule=ExponentialLR, loss_criterion=MSELoss(), net_expansion_factor=4, n_layers=4, n_heads=7, attention_type=expressive, lr=0.01, gamma=0.9994,  mask yes","Transformer,lr_schedule=ExponentialLR, loss_criterion=MSELoss(), net_expansion_factor=4, n_layers=4, n_heads=7, attention_type=expressive, lr=0.01, gamma=0.9996,  mask yes","Transformer,lr_schedule=ExponentialLR, loss_criterion=MSELoss(), net_expansion_factor=4, n_layers=4, n_heads=7, attention_type=expressive, lr=0.01, gamma=1,  mask yes","Transformer,lr_schedule=ExponentialLR, loss_criterion=MSELoss(), net_expansion_factor=4, n_layers=4, n_heads=7, attention_type=expressive, lr=0.001, gamma=0.9994,  mask yes","Transformer,lr_schedule=ExponentialLR, loss_criterion=MSELoss(), net_expansion_factor=4, n_layers=4, n_heads=7, attention_type=expressive, lr=0.001, gamma=0.9996,  mask yes","Transformer,lr_schedule=ExponentialLR, loss_criterion=MSELoss(), net_expansion_factor=4, n_layers=4, n_heads=7, attention_type=expressive, lr=0.001, gamma=1,  mask yes","Transformer,lr_schedule=OneCycleLR, loss_criterion=CrossEntropyLoss(), net_expansion_factor=4, n_layers=4, n_heads=5, attention_type=dot_product, lr=0.01,  mask yes","Transformer,lr_schedule=OneCycleLR, loss_criterion=CrossEntropyLoss(), net_expansion_factor=4, n_layers=4, n_heads=5, attention_type=dot_product, lr=0.001,  mask yes","Transformer,lr_schedule=OneCycleLR, loss_criterion=CrossEntropyLoss(), net_expansion_factor=4, n_layers=4, n_heads=5, attention_type=expressive, lr=0.01,  mask yes","Transformer,lr_schedule=OneCycleLR, loss_criterion=CrossEntropyLoss(), net_expansion_factor=4, n_layers=4, n_heads=5, attention_type=expressive, lr=0.001,  mask yes","Transformer,lr_schedule=OneCycleLR, loss_criterion=CrossEntropyLoss(), net_expansion_factor=4, n_layers=4, n_heads=7, attention_type=dot_product, lr=0.01,  mask yes","Transformer,lr_schedule=OneCycleLR, loss_criterion=CrossEntropyLoss(), net_expansion_factor=4, n_layers=4, n_heads=7, attention_type=dot_product, lr=0.001,  mask yes","Transformer,lr_schedule=OneCycleLR, loss_criterion=CrossEntropyLoss(), net_expansion_factor=4, n_layers=4, n_heads=7, attention_type=expressive, lr=0.01,  mask yes","Transformer,lr_schedule=OneCycleLR, loss_criterion=CrossEntropyLoss(), net_expansion_factor=4, n_layers=4, n_heads=7, attention_type=expressive, lr=0.001,  mask yes","Transformer,lr_schedule=OneCycleLR, loss_criterion=MSELoss(), net_expansion_factor=4, n_layers=4, n_heads=5, attention_type=dot_product, lr=0.01,  mask yes","Transformer,lr_schedule=OneCycleLR, loss_criterion=MSELoss(), net_expansion_factor=4, n_layers=4, n_heads=5, attention_type=dot_product, lr=0.001,  mask yes","Transformer,lr_schedule=OneCycleLR, loss_criterion=MSELoss(), net_expansion_factor=4, n_layers=4, n_heads=5, attention_type=expressive, lr=0.01,  mask yes","Transformer,lr_schedule=OneCycleLR, loss_criterion=MSELoss(), net_expansion_factor=4, n_layers=4, n_heads=5, attention_type=expressive, lr=0.001,  mask yes","Transformer,lr_schedule=OneCycleLR, loss_criterion=MSELoss(), net_expansion_factor=4, n_layers=4, n_heads=7, attention_type=dot_product, lr=0.01,  mask yes","Transformer,lr_schedule=OneCycleLR, loss_criterion=MSELoss(), net_expansion_factor=4, n_layers=4, n_heads=7, attention_type=dot_product, lr=0.001,  mask yes","Transformer,lr_schedule=OneCycleLR, loss_criterion=MSELoss(), net_expansion_factor=4, n_layers=4, n_heads=7, attention_type=expressive, lr=0.01,  mask yes","Transformer,lr_schedule=OneCycleLR, loss_criterion=MSELoss(), net_expansion_factor=4, n_layers=4, n_heads=7, attention_type=expressive, lr=0.001,  mask yes"
0,24.57430648803711,24.825459331274033,24.809616297483444,25.836695596575737,25.66034610569477,25.690203309059143,79.294842928648,78.47175621986389,84.33682638406754,70.19164004921913,70.0665277838707,70.29290395975113,24.64139696955681,24.610962226986885,25.002637907862663,25.76276306807995,25.94546265900135,25.728897765278816,70.89494091272354,74.89417320489883,76.95580840110779,69.88723340630531,68.91751381754875,68.91841226816177,0.26412363129202276,0.2734008627012372,0.2973040898796171,1.842333528213203,0.5426706795115024,0.6656072363257408,1.8552455864846706,1.847610091790557,1.8407041309401393,3.5824371054768562,3.6870494335889816,1.9998502153903246,0.2670924187405035,0.26474670926108956,0.3167503464501351,0.9614125196821988,0.7563879769295454,0.4289343897253275,1.8190430272370577,1.8188222413882613,1.8202241593971848,2.620369780808687,4.039337141439319,2.411412302404642,26.846389964222908,54.04373598098755,73.24006739258766,83.06375801563263,27.17023304104805,60.81629088521004,72.31489062309265,82.80316492915154,13.097880743443966,136.72558057308197,28.060261219739914,141.972580909729,16.753396339714527,136.78813123703003,24.582133144140244,141.79524421691895
1,23.744698777794838,23.705127075314522,24.253846749663353,24.899043902754784,24.878080800175667,24.618096262216568,76.0803154706955,77.68123957514763,87.24069741368294,64.76245450973511,64.45097041130066,64.84188395738602,23.654380820691586,23.839660227298737,24.010870218276978,24.805959716439247,24.869600534439087,24.662831142544746,69.12843784689903,72.40130591392517,75.48906034231186,64.61021113395691,63.31164535880089,63.184718787670135,0.1617270628339611,0.15778809745097533,0.16878573509166017,0.2867472100770101,0.2329046007944271,0.2066202649148181,1.7503744922578335,1.7540993355214596,1.7437296183779836,1.7644770639017224,1.7519887741655111,1.767578144557774,0.16851145593682304,0.18144617264624685,0.18732203723629937,0.27752251585479826,0.2689298529876396,0.2212509831879288,1.700670558027923,1.7141324682161212,1.751527008600533,1.7450457075610757,1.7360428906977177,1.7303482927381992,25.335139960050583,34.0695685595274,67.53346693515778,76.42897179722786,25.354813873767853,34.85711558163166,66.81538531184196,76.46412867307663,0.28614595835097134,91.50238084793091,1.793188807554543,99.57576727867126,0.2622886945027858,89.49419665336609,1.7706878567114472,92.14997738599777
2,23.3831979483366,23.482086159288883,23.655631117522717,24.619172111153603,24.268180817365646,24.086332991719246,72.35224816203117,75.40376940369606,83.25845870375633,62.061115741729736,61.10275235772133,61.45541754364967,23.335441075265408,23.437660671770573,23.62985396385193,24.342387154698372,24.307214207947254,24.028519235551357,65.39338228106499,72.11560049653053,70.28465285897255,61.30212253332138,60.06347396969795,59.68709394335747,0.1373309310292825,0.13408763788174838,0.1419558966299519,0.218422103789635,0.17787928582401946,0.16266265814192593,1.6869460623711348,1.695501996204257,1.9234639881178737,1.698578568175435,1.6773722413927317,1.7043340299278498,0.13624824833823368,0.14422507240669802,0.14936077495804057,0.2180119383847341,0.20589747570920736,0.1786598332109861,1.6430282462388277,1.6466157073155046,1.7016496136784554,1.6821905644610524,1.654305580072105,1.6521887388080359,24.57783131301403,27.88491389155388,63.94891119003296,71.55667233467102,24.790286004543304,28.073422715067863,63.07425630092621,71.47389245033264,0.21392357582226396,39.281719878315926,1.7349582007154822,34.38848017156124,0.1744316625990905,39.51869493722916,1.6955730058252811,36.526821598410606
3,23.163076117634773,23.238057918846607,23.546759590506554,24.162012845277786,24.027014881372452,23.87348410487175,70.01861187815666,72.55633956193924,82.61493396759033,59.810806572437286,58.45518180727959,58.91809269785881,23.17667455971241,23.302366130053997,23.441771052777767,24.196985095739365,24.072091564536095,23.69127618521452,63.123346000909805,72.41725996136665,83.51465806365013,59.13586714863777,57.5621979534626,57.444286823272705,0.12943055701907724,0.13129069085698575,0.13679577445145696,0.1893346719443798,0.15951923822285607,0.14539107988821343,1.6318096164613962,1.6616452308371663,1.869451510719955,1.6517127342522144,1.635518697090447,1.634466947056353,0.12915677501587197,0.1313178248819895,0.13120946899289265,0.1955495275906287,0.186762219236698,0.15702910796971992,1.5846157055348158,1.593778814189136,1.7358306888490915,1.625354092568159,1.5960702104493976,1.6003446839749813,24.06688353419304,26.034504622220993,61.78745234012604,67.72118332982063,23.98816253244877,26.126407340168953,60.587083756923676,67.52901202440262,0.18743597192224115,2.054875172674656,1.690044336952269,8.195671405643225,0.15039422287372872,10.68574532866478,1.6463390700519085,3.5276989191770554
4,23.063131108880043,23.085850656032562,23.36624562740326,24.00142453610897,23.78816209733486,23.55611327290535,67.57047700881958,70.99345010519028,81.21623849868774,58.42178624868393,56.734048306941986,57.03512570261955,23.037470921874046,23.06504901498556,23.311496004462242,23.98438262939453,23.801042959094048,23.53620634973049,62.02870863676071,67.96821004152298,69.84055149555206,57.88922065496445,55.84456145763397,55.69593182206154,0.1267592231160961,0.12241567706223577,0.13340279611293226,0.1784668637556024,0.1433752384618856,0.139128559443634,1.5950187090784311,1.6344541423022747,2.2838663971051574,1.6232564877718687,1.5837453799322248,1.597578245215118,0.12416497233789414,0.12494567321846262,0.1239999738172628,0.18241377570666373,0.17333324637729675,0.1565356344799511,1.5475163832306862,1.5627488186582923,1.7446630401536822,1.5949785867705941,1.554600365459919,1.5545187406241894,23.689924389123917,25.38616146147251,60.2317718565464,64.90391314029694,23.911892868578434,25.261064261198044,59.30723050236702,64.22986996173859,0.17051387997344136,0.32123143889475614,1.6562514519318938,2.0900427401065826,0.13678895263001323,0.3215823353966698,1.6231656344607472,1.7463002363219857
5,22.958771996200085,22.972067520022392,23.290736220777035,23.9012298732996,23.64584532380104,23.419355303049088,66.58846387267113,68.91434246301651,85.78637117147446,57.61279544234276,55.46285191178322,55.229262828826904,22.95428092032671,23.00443359464407,23.219322681427002,23.821236468851566,23.6685501486063,23.397273413836956,60.46492466330528,67.25957849621773,74.32764321565628,57.012981206178665,54.513961523771286,54.22685298323631,0.12277814472327009,0.12006396049400792,0.13062880671350285,0.16934184625279158,0.13931355433305725,0.1331671407679096,1.5599601464346051,1.6033570067957044,2.174808078445494,1.5989527916535735,1.5430044597014785,1.5615831464529037,0.12191477057058364,0.12152927659917623,0.1430970595101826,0.17616026900941506,0.1669957106350921,0.14514951803721488,1.5056399768218398,1.5291554080322385,1.729238249361515,1.570326130837202,1.5172276785597205,1.5138242868706584,23.600585483014584,24.776914685964584,59.09409633278847,62.582510232925415,23.581919066607952,24.774874687194824,58.36187583208084,62.189105689525604,0.16690624208422378,0.22909371985588223,1.6382005829364061,1.7165031377226114,0.13169016811298206,0.2472241612849757,,1.706057214178145
6,22.90131524950266,22.922285079956055,23.14745082706213,23.812929674983025,23.496680200099945,23.234680451452732,65.84520620107651,67.46536061167717,80.99077379703522,57.04466113448143,54.4510098695755,54.25881913304329,22.89634970575571,22.906200990080833,23.185449108481407,23.75797574222088,23.587894588708878,23.272423028945923,59.63603889942169,66.05902686715126,86.38629788160324,56.466729044914246,53.57049733400345,52.77424371242523,0.12013466289499775,0.11768074193969369,0.12448862037854269,0.1624137262115255,0.13580820406787097,0.12633189983898774,1.5338972229510546,1.5772824715822935,2.244836390018463,1.5855169361457229,1.516243863850832,1.5241332910954952,0.11996364453807473,0.1202471632277593,0.12134369480190799,0.17220645904308185,0.16724264190997928,0.14369259087834507,1.4752834727987647,1.5034485636278987,2.054403725080192,1.5502118272706866,1.487725560553372,,23.369647450745106,24.426229387521744,58.35365581512451,60.45992308855057,23.792682498693466,24.373894721269608,57.330319195985794,60.092763751745224,0.15911038633203134,0.2251075899694115,1.6319896876811981,1.6562876030802727,0.13374326506163925,0.2098054945236072,,1.6487588863819838
7,22.86700438708067,22.83336290717125,23.259329229593277,23.765731163322926,23.429806657135487,23.342826426029205,65.1987432539463,67.18422308564186,82.73766115307808,56.74128848314285,53.852095037698746,53.19199180603027,22.86386977881193,22.881281033158302,24.021608114242554,23.70976297557354,23.51080459356308,23.179732218384743,58.96978351473808,64.94707703590393,87.07342061400414,56.16888481378555,52.94423243403435,51.74065613746643,0.11778165411669761,0.11586210242239758,0.13456810865318403,0.1604213264072314,0.13252000941429287,0.12595063779735938,1.5160410068929195,1.547717148438096,2.0781006952747703,1.5747065916657448,1.4946726020425558,1.5062136016786098,0.11780484608607367,0.11701253999490291,0.1278155735344626,0.16865719750057906,0.15997941832756624,0.14387654891470447,1.455444248393178,1.4687331151217222,1.9191431449726224,1.5383156388998032,1.4661915246397257,,23.244893826544285,24.012338027358055,58.22621273994446,58.225462794303894,23.28949172794819,24.096555024385452,56.201577454805374,58.199903428554535,2.16409716848284,0.17720181221375242,1.6394813852384686,1.6132852770388126,0.3529399175895378,0.1863181931548752,,1.6014585215598345
8,22.849759325385094,22.8023726567626,23.023584194481373,23.73942916840315,23.37088168412447,23.11872086673975,64.8280588388443,67.02703702449799,81.88971436023712,56.49248391389847,53.24699756503105,52.39769098162651,22.8604317009449,22.81477664411068,22.95191180706024,23.703520819544792,23.44770561158657,23.110891237854958,58.59805449843407,64.60934489965439,88.17749977111816,55.9404521882534,52.48508223891258,50.98772528767586,0.11677969963056967,0.11400065413909033,0.12565475481096655,0.15799458185210824,0.13086933986051008,0.12273264332907274,1.502427015453577,1.5303409155458212,2.027926583774388,1.5672873463481665,1.477029800415039,1.4786706203594804,0.11594027729006484,0.11691459338180721,0.11848014203133062,0.16681103594601154,0.15758793760323897,0.13958591443952173,1.436620076186955,1.4441338730975986,2.055943589657545,1.5305077526718378,1.4492098465561867,,23.313294731080532,23.834785386919975,58.140727669000626,57.025296449661255,23.38278102874756,23.790372163057327,55.66679108142853,56.32255744934082,0.16085949237458408,0.16693836776539683,1.7347544142976403,1.5909259924665093,0.14212677418254316,0.16303340543527156,,1.5577435195446014
9,22.838821291923523,22.760129190981388,23.111176766455173,23.708650410175323,23.34460187703371,23.059094294905663,64.57977256178856,66.47536525130272,74.60728168487549,56.403548419475555,52.884600073099136,52.04699498414993,22.830328226089478,22.822812281548977,23.021249413490295,23.679736278951168,23.423257179558277,23.03881660848856,58.38033655285835,63.829354375600815,82.64016535878181,55.815747797489166,52.11030447483063,50.015821009874344,0.1163744842633605,0.1132849674904719,0.1305702457902953,0.15586352802347392,0.1276423929957673,0.12369452154962346,1.4911001566797495,1.5085053676739335,2.084138534963131,1.5639053275808692,1.4643122777342796,1.4593164045363665,0.1141687196213752,0.11493176687508821,0.11662636866094545,0.16631516942288727,0.15559457277413458,0.1374283741461113,1.4257430690340698,1.4244392039254308,1.9928828533738852,1.5258827237412333,1.4353954242542386,,23.149443961679935,23.569030210375786,59.82130578160286,55.52210596203804,23.10855095088482,23.533499158918858,54.818149983882904,54.991896599531174,0.14643012115266174,0.15638861811021343,1.6940348567441106,1.538459911942482,0.13123125612037256,0.16105266951490194,,1.5210867151618004
10,22.840068869292736,22.73887497931719,22.950662352144718,23.685382679104805,23.323123328387737,23.05512610822916,64.45442232489586,66.00339978933334,80.36379343271255,56.29991289973259,52.656821846961975,51.00098213553429,22.824676163494587,22.788434617221355,22.996734127402306,23.662420831620693,23.42157869786024,22.964827448129654,58.172451823949814,63.405987560749054,83.53818559646606,55.73272621631622,51.84303194284439,49.46648195385933,0.11553009209455922,0.11142372654285282,0.1161974795977585,0.15523325110552832,0.1270426701521501,0.1225823980057612,1.4843061976134777,1.4965681042522192,2.0800165431573987,1.5606983127072453,1.454131819307804,1.4351661535911262,0.113022196223028,0.11378962185699493,0.11723299667937681,0.1650714945863001,0.15445050463313237,0.13478734687669203,1.4169822852127254,1.4059765869751573,1.925131905823946,1.5238673854619265,1.4261183952912688,,23.031649634242058,23.458183340728283,61.46975812315941,54.42528787255287,23.14029897749424,23.459889836609364,54.642737567424774,54.135704815387726,0.13936111325165257,0.15429438947467133,1.7550798896700144,1.504505722783506,0.12357552023604512,0.15779392962576821,,1.4919009329751134
11,22.837053671479225,22.72737316787243,22.962253607809544,23.68503848463297,23.28575474023819,23.008286766707897,64.36050170660019,65.5975450873375,77.80763986706734,56.25127938389778,52.444887697696686,50.10834068059921,22.827340334653854,22.795024037361145,22.924320302903652,23.660543590784073,23.42623683065176,22.939645431935787,58.071379363536835,63.18710723519325,79.77109968662262,55.68683797121048,51.63828745484352,48.80430415272713,0.11532121984055266,0.11015575472265482,0.11836495558964089,0.15465044608572498,0.12613565666833892,0.11846325179794803,1.4807467414066195,1.4869135236367583,2.0016327928751707,1.5597940497100353,1.4463051711209118,1.4184526661410928,0.11235127848340198,0.11452020844444633,0.11551282374421135,0.16441122256219387,0.15406053501646966,0.13355851324740797,1.4128946368582547,1.39297553896904,2.004882203415036,1.5216815043240786,1.417961294297129,,23.01161001622677,23.31923684477806,61.5763778090477,53.0519043803215,23.389770090579987,23.234752357006073,53.17484503984451,52.422431230545044,0.12362431542715058,0.159025173925329,1.7243016920983791,1.471303779631853,0.12482682021800429,0.15743881941307336,,1.4616845212876797
12,22.83963342756033,22.711646012961864,22.867854617536068,23.673251003026962,23.284827150404453,22.943869538605213,64.23680463433266,65.25154829025269,73.64435005187988,56.22246894240379,52.3175627887249,49.651673793792725,22.81926004588604,22.784588858485222,22.935427144169807,23.655527137219906,23.404016204178333,22.928296625614166,58.01718708872795,62.9725703895092,77.69327285885811,55.6389579474926,51.54969722032547,48.08931681513786,0.11514805440674536,0.10902088321745396,0.11412115348502994,0.1540687148226425,0.12574276217492297,0.11740758584346622,1.4777715122327209,1.4764224141836166,2.122346682474017,1.5585889117792249,1.4418121268972754,1.4096842273138463,0.1122664007707499,0.1140919069875963,0.12992260162718594,0.1638957146788016,0.152762993122451,0.1351169822155498,1.4099874938838184,1.3815798102878034,2.0668527893722057,1.5206848792731762,1.4124598721973598,,22.871908523142338,23.196489579975605,60.26312413811684,51.78491923213005,22.9338610842824,23.25603412091732,52.931804329156876,51.380398750305176,0.12004418129799888,0.15325470227980986,2.085345041938126,1.4433329924941063,0.12448530807159841,0.15481078519951552,,1.440167648717761
13,22.832742795348167,22.73034431785345,23.14369510859251,23.675599992275238,23.28406558930874,22.95874948054552,64.19516518712044,65.09306302666664,75.66714152693748,56.1986947953701,52.187094271183014,49.52515122294426,22.81944178789854,22.779678910970688,22.92575380951166,23.65119481831789,23.41080868244171,22.93529786169529,57.95909887552261,62.74478951096535,93.2814512848854,55.62598717212677,51.43412587046623,47.59790241718292,0.11501315922942013,0.1084725046530366,0.11679564719088376,0.15378637512912974,0.12508921429980546,0.11864578461972997,1.4753971733152866,1.467867972329259,2.0115757500752807,1.5577336978167295,1.4401286565698683,1.388671152293682,0.11188351706368849,0.11293259961530566,0.1146142448997125,0.1637984230183065,0.15236008039209992,0.13606432179221883,1.4074847255833447,1.3735049325041473,2.00025936588645,1.5203061066567898,1.4102482586167753,,22.953506089746952,23.154730394482613,74.9252972304821,51.11807295680046,23.095397621393204,23.086034320294857,51.863040298223495,50.291896760463715,0.12212779495166615,0.15432195633184165,2.053991778753698,1.4266920513473451,0.12182549334829673,0.1521360935876146,,1.4091883702203631
14,22.832834623754025,22.713228724896908,22.841226935386658,23.672760657966137,23.284458063542843,22.911286130547523,64.1679538488388,64.94369432330132,74.63661390542984,56.17569702863693,52.12667101621628,48.898170322179794,22.82155828177929,22.775259897112846,22.85735259950161,23.659470483660698,23.396143183112144,22.88413967937231,57.93871548771858,62.53019091486931,81.31722640991211,55.614698231220245,51.36004427075386,47.41583177447319,0.1149429595679976,0.10822745531913824,0.1150538859074004,0.15364797174697742,0.12460147385718301,0.11715499398997054,1.474848723039031,1.4604041818529367,1.9862606143578887,1.5574080497026443,1.435858201701194,1.368762331083417,0.11200064228614792,0.1132651950174477,0.11377162666758522,0.16362989490153268,0.1520221751416102,0.13107628357829526,1.4064739122986794,1.3665369134396315,1.911540917120874,1.5196308828890324,1.407890947535634,,22.822843216359615,23.078829161822796,62.99696558713913,49.97265747189522,22.932293877005577,23.06140810251236,50.95860829949379,49.68890228867531,0.12045346916420385,0.1490258373087272,2.015234815888107,1.3961313464678824,0.1465475422446616,0.1461287180427462,,1.3787465039640665
15,22.832172475755215,22.71745966374874,22.890312634408474,23.670895844697952,23.27095178514719,22.865685738623142,64.15074279904366,64.8588035106659,77.94494390487671,56.17689236998558,52.08330997824669,48.69529256224632,22.8202598169446,22.799024894833565,23.013264440000057,23.651031777262688,23.398491203784943,22.837347202003002,57.91885894536972,62.429470866918564,79.22715225815773,55.60617685317993,51.321953505277634,46.934216007590294,0.11494833551114425,0.10795491185854189,0.11776307685067877,0.1534806116251275,0.12432608660310507,0.1170738764340058,1.4743120344355702,1.4557446232065558,2.0892920354381204,1.5571735026314855,1.4341388326138258,1.351891040802002,0.1119448650861159,0.1132426667609252,0.11633449333021417,0.16344418737571687,0.15172954613808542,0.1299722873372957,1.4054334443062544,1.3618746316060424,2.0085945669561625,1.5193276684731245,1.4060300439596176,,22.81154789030552,23.01980036497116,59.138648480176926,49.08335894346237,22.80256051570177,23.0852515026927,50.107847571372986,48.644856095314026,0.11751483497209847,0.14489189942833036,1.9889232376590371,1.3735455921851099,0.12485627323621884,0.14706699195085093,,1.3594760363921523
16,22.83477294445038,22.72702767699957,22.88329991698265,23.669629007577896,23.26625395566225,22.850126840174198,64.12513765692711,64.73711434006691,73.1820667386055,56.17124828696251,52.05161935091019,47.9591081738472,22.821525409817696,22.803735218942165,22.83710689842701,23.649961724877357,23.40426003932953,22.932845577597618,57.901016652584076,62.38304403424263,75.50246542692184,55.59756726026535,51.28578054904938,46.632383197546005,0.11492912576068193,0.10781459219288081,0.11570389673579484,0.15343716548522934,0.12410879082744941,0.11468627143767662,1.4735332634299994,1.4529513884335756,1.9828522522002459,1.557056486606598,1.4331665271893144,1.3380216835066676,0.1119728852645494,0.11350252403644845,0.11246063176076859,0.16340281936572865,0.15136824728688225,0.12886094336863607,1.4053162997588515,1.3581348885782063,1.9628240261226892,1.519384477287531,1.4042258989065886,,22.7545395642519,23.0280369669199,59.1235209107399,47.92982229590416,22.740411154925823,22.939897999167442,49.30354896187782,47.82372656464577,0.11800671205855906,0.14173766522435471,1.9516054121777415,1.3391360924579203,0.12229377002222463,0.1437798552797176,,1.3300541155040264
17,22.83502957224846,22.720609202980995,22.84291509538889,23.673985235393047,23.26999542862177,22.821193352341652,64.11962014436722,64.68043041229248,73.00115904211998,56.167231023311615,52.02231043577194,47.69763368368149,22.821796640753746,22.807498589158058,22.898825459182262,23.649065650999546,23.412013702094555,22.814922496676445,57.89309644699097,62.30435937643051,76.09110462665558,55.59422478079796,51.269092470407486,46.36263385415077,0.11498756153741851,0.1077994609659072,0.11380298511357978,0.15338723466265947,0.12404720264021307,0.11757969105383381,1.4732036152854562,1.4499485502019525,1.994038206525147,1.5570176299661398,1.4318238561972976,1.334018848836422,0.11198789993068203,0.11381924734450877,0.11555200896691531,0.16327728872420266,0.15135525597725064,0.12720891745993868,1.4049126948229969,1.3559007695876062,1.9281632583588362,1.5191921861842275,1.403449862729758,,22.753997407853603,22.93395371735096,60.91748917102814,47.376094698905945,22.7190265879035,22.962706871330738,48.359600484371185,46.954981595277786,0.11453692044597119,0.1438184230355546,1.9873392973095179,1.3131537758745253,0.12677453219657764,0.1460872419993393,,1.3047258206643164
18,22.83316085487604,22.72582282871008,22.856731243431568,23.66987045109272,23.26943701505661,22.839634649455547,64.11555522680283,64.63420817255974,74.46320682764053,56.16673958301544,51.990897327661514,47.60012400150299,22.821655869483948,22.815384052693844,22.853702768683434,23.651397585868835,23.41143538057804,22.80897857248783,57.89370581507683,62.231196224689484,81.37096372246742,55.59681761264801,51.25249356031418,45.86622314155102,0.11487595710786991,0.10786271636607125,0.11624996474711224,0.15337413822999224,0.12382758437888697,0.112932727788575,1.4729982949793339,1.4482893161475658,1.9579565972089767,1.556864938698709,1.4317573443986475,1.3198999343439937,0.11195721678086556,0.11374649638310075,0.1124319692607969,0.16335883538704365,0.15117667068261653,0.1290369177586399,1.404893736820668,1.3535758201032877,1.9177691685035825,1.5191999059170485,1.4035632945597172,,22.681648448109627,22.914325669407845,58.54536506533623,46.9504556953907,22.68826714158058,22.86265280097723,47.3571038544178,46.12072089314461,0.11348156852182001,0.14512988313799724,1.9575625248253345,1.2896825075149536,0.11711827322142199,0.14227543072775006,,1.2813608055002987
19,22.83585973083973,22.727282226085663,22.81223876029253,23.670660823583603,23.26871269196272,22.809872448444366,64.1147411763668,64.6086837053299,71.89199137687683,56.16596329212189,51.98089534044266,47.25398141145706,22.820471435785294,22.82226860523224,22.996727384626865,23.653982892632484,23.405943125486374,22.814081504940987,57.88942092657089,62.198279201984406,78.6523856818676,55.59153974056244,51.225704938173294,45.62983785569668,0.11494306457461789,0.10790336548234336,0.11466052633477375,0.1533900157082826,0.12359455652767792,0.11589040514081717,1.473002403974533,1.4465916883200407,2.024648622609675,1.556846234947443,1.431639872957021,1.3139868779107928,0.11199511552695185,0.11404524493264034,0.10995433368952945,0.16324860689928755,0.1510931181255728,0.12255747680319473,1.4048386202193797,1.3522357176989317,1.9910831032320857,1.519185720011592,1.4025730355642736,,22.66284841299057,22.88961974531412,55.31035017967224,45.94919100403786,22.643108665943146,22.863219261169434,46.36275163292885,45.53743229806423,0.11437558563193306,0.14039726520422846,1.9115035077556968,1.2675475319847465,0.11602876969845966,0.13979668857064098,,1.254799391143024
20,22.837117440998554,22.73143307119608,24.73353335261345,23.67298772931099,23.265919901430607,22.81024108827114,64.10909008979797,64.55703642964363,72.38525131344795,56.157619684934616,51.96454235911369,47.05408298969269,22.8237412199378,22.825754083693027,22.818322375416756,23.650476396083832,23.4089322835207,22.798598498106003,57.88833722472191,62.18911427259445,76.8667748272419,55.59549352526665,51.23055699467659,45.42592588067055,0.11492557299789041,0.1079393427062314,0.11333653901237994,0.15336597914574668,0.12364965461893007,0.11328814493026584,1.472974831238389,1.4455618713982403,1.987387333996594,1.5568469939753413,1.431072433013469,1.303923325613141,0.11198654508916661,0.11409152578562498,0.11304314300650731,0.16328685934422538,0.1511331257643178,0.11225263707456179,1.404697216115892,1.3513305634260178,1.936199246905744,1.5189849603921175,1.4025443973951042,,22.62150412797928,22.87812551110983,53.19096493721008,45.24815760552883,22.64863783121109,22.858126863837242,45.33122144639492,44.79195514321327,0.11321329337079078,0.13840388745302334,1.8625600514933467,1.2377067250199616,0.11464578862069175,0.13951181073207408,,1.236590393818915
21,22.83328515291214,22.728142775595188,22.91369215399027,23.670066833496094,23.266566269099712,22.80243845283985,64.11006444692612,64.54091775417328,71.16498684883118,56.15535342693329,51.96953672170639,46.78406898677349,22.819329224526882,22.827797070145607,22.92568927258253,23.649639151990414,23.409872323274612,22.796408958733082,57.88351857662201,62.16570195555687,75.22660872340202,55.58961448073387,51.21353369951248,45.34700387716293,0.11494354519527406,0.10804818160249852,0.11459060886409134,0.15337031794479117,0.12356750783510506,0.11280567309586331,1.4728801781311631,1.444835985545069,1.9461889453232288,1.5568054057657719,1.4306467585265636,1.295563930645585,0.11194199341116473,0.11409107595682144,0.1154756034957245,0.16324303101282567,0.15100524999434128,0.10917174626956694,1.404581873677671,1.3506264793686569,1.9976628823205829,1.5190399959683418,1.4025338804349303,,22.590182274580002,22.86235950142145,54.968863755464554,44.5943745970726,22.578145883977413,22.858378440141678,44.2927937656641,44.33976876735687,0.11070492712315172,0.1391297591617331,1.9107130859047174,1.215366498567164,0.11382286716252565,0.1389429221744649,,1.2144448207691312
22,22.83578782528639,22.731893599033356,22.838313177227974,23.671758003532887,23.267361380159855,22.825870543718338,64.10703334212303,64.53275594115257,75.77196833491325,56.15976917743683,51.9568547308445,46.44648611545563,22.81911151856184,22.827949725091457,22.812228091061115,23.647272385656834,23.419094271957874,22.80112012475729,57.88408514857292,62.14168331027031,86.61728736758232,55.59270313382149,51.21152126789093,44.9612862765789,0.11493132048053667,0.10805914792581461,0.11148373712785542,0.15336553688393906,0.12350646528648213,0.11247586226090789,1.4729198925197124,1.444052143022418,1.8959360988810658,1.556763675995171,1.4308178410865366,1.2830179072916508,0.11196221114369109,0.11425590456929058,0.11742731969570741,0.16327616042690352,0.15095546952215955,0.10893728552036919,1.4045054628513753,1.3502564271911979,1.9524700585752726,1.5189551170915365,1.401929350104183,,22.57637419551611,22.854224912822247,52.922241032123566,44.19007422029972,22.566596023738384,22.866017766296864,43.51007676124573,43.719817981123924,0.10960175446234643,0.13718985905870795,1.8776386380195618,1.1977246846072376,0.11381468694889918,0.13673915260005742,,1.1948884427547455
23,22.837221652269363,22.734952986240387,22.885329753160477,23.6729282066226,23.26451103389263,22.77798218280077,64.10464581847191,64.50526103377342,75.96249610185623,56.15588450431824,51.96185904741287,46.19763959944248,22.823235400021076,22.82940512895584,22.922900810837746,23.651967957615852,23.418358139693737,22.762043058872223,57.88331487774849,62.13510316610336,75.9633277952671,55.59175845980644,51.203535079956055,44.59968514740467,0.11490874621085823,0.10808904521400109,0.11081346694845706,0.15331557643366978,0.12352512002689764,0.11448520794510841,1.47297459281981,1.4435449317097664,1.8951960476115346,1.5567528698593378,1.430591288022697,1.284277644008398,0.11198977258754894,0.11428748106118292,0.11056291830027476,0.16323740634834394,0.15094961354043335,0.1072249008284416,1.4046012819744647,1.3497713510878384,2.0694841276854277,1.5189793556928635,1.4022551588714123,,22.552721209824085,22.91695921868086,52.2510105073452,43.677876994013786,22.558203637599945,22.87995095551014,42.71427622437477,43.23840093612671,0.10850675916299224,0.13586076570209116,1.8410251419991255,1.1816845759749413,0.11269360757432878,0.13725202257046476,,1.1783306091092527
24,22.83503956347704,22.733969055116177,22.747227430343628,23.66848849505186,23.267109990119934,22.787464387714863,64.10700160264969,64.4939691722393,76.75978091359138,56.15641859173775,51.952864199876785,46.1209521740675,22.81920074671507,22.83793229609728,23.12601848691702,23.650732025504112,23.419671818614006,22.804762296378613,57.88322579860687,62.120204985141754,77.10548570752144,55.588804215192795,51.19804108142853,44.63335008919239,0.11490822036284953,0.10820921687991358,0.11190148256719112,0.1532912256079726,0.1235231698374264,0.11201375108794309,1.472845397889614,1.4431673660874367,1.9126981580629945,1.5567322885617614,1.430864701513201,1.26706358557567,0.11195007187779993,0.114391727023758,0.11063371592899784,0.16326273640152067,0.1509330408880487,0.10918899672105908,1.404589629266411,1.3496101186610758,1.8801747877150774,1.518966936506331,1.4020595368929207,,22.551258094608784,22.946198984980583,51.19774770736694,43.35078924894333,22.52186667174101,22.944668419659138,42.13292281329632,42.96895496547222,0.10728348666452803,0.13577654730761424,1.8227481469511986,1.1666400567628443,0.11020393422222696,0.13636174035491422,,1.1627305625006557
25,22.834324836730957,22.737134627997875,22.970321647822857,23.671319276094437,23.267655596137047,22.82755571603775,64.10645005106926,64.49481254816055,91.93195331096649,56.16116738319397,51.95138296484947,45.848421797156334,22.82098162919283,22.83481815457344,22.776065975427628,23.649905651807785,23.416595190763474,22.805830098688602,57.879582554101944,62.12079048156738,78.9995987713337,55.590841352939606,51.19690760970116,44.44831283390522,0.11491588701028377,0.10813982837134972,0.11658383416943252,0.15334781497949734,0.12349187768995762,0.1130920298746787,1.4728513229638338,1.443035506643355,1.8768689455464482,1.5567181147634983,1.4306916645728052,1.2645832602865994,0.111947305733338,0.11437767356983386,0.10846834944095463,0.16327090095728636,0.15097957028774545,0.1084430686023552,1.4045820217579603,1.3491983930580318,1.9371728589758277,1.5189753994345665,1.4019810250028968,,22.543954700231552,22.964216887950897,50.65107050538063,43.13985921442509,22.513024166226387,22.98559708148241,41.613958552479744,42.72680054605007,0.10742018130258657,0.13592089602025226,1.8129790723323822,1.1564823752269149,0.10930941559490748,0.13650850765407085,,1.1535678370855749
26,22.835861086845398,22.736430697143078,23.04632957279682,23.66845204681158,23.267719946801662,22.794547274708748,64.10115331411362,64.4883804321289,70.43643832206726,56.15776637196541,51.94435188174248,45.74392554163933,22.822663620114326,22.838117003440857,22.929193690419197,23.650244504213333,23.421490892767906,22.81647092103958,57.885500371456146,62.11166197061539,74.36526662111282,55.58835768699646,51.198262959718704,44.074264869093895,0.114952745847404,0.10813748859800398,0.11674467765260488,0.1533207421307452,0.12348327337531373,0.11381309200078249,1.472775095142424,1.4429723503999412,1.9915282372385263,1.5566561808809638,1.4307549889199436,1.2539671659469604,0.11199339892482385,0.11449438982526772,0.11165772518143058,0.16321899177273735,0.15096010023262352,0.10575802755192854,1.404606174211949,1.349195305723697,1.9455045368522406,1.5189813990145922,1.4019242767244577,,22.55758012831211,23.04863216727972,50.28431439399719,42.944057315588,22.518794059753418,23.024344965815544,41.309756487607956,42.55820541083813,0.10675754758995026,0.13683909719111398,1.8036403935402632,1.1500816885381937,0.10569727147230878,0.13650289206998423,,1.1463256222195923
27,22.834353394806385,22.73925207555294,22.800184153020382,23.671764604747295,23.267117030918598,22.79590005427599,64.10837560892105,64.48734927177429,68.63832861185074,56.161107778549194,51.946474969387054,45.69256414473057,22.818876944482327,22.83651129156351,22.888243407011032,23.650121614336967,23.418047696352005,22.82083322107792,57.88450628519058,62.1102100610733,79.1861341893673,55.58916240930557,51.19036456942558,44.058069080114365,0.11488826252752915,0.10822423628997058,0.11239706017659046,0.15332890063291416,0.12347728322492912,0.11400167335523292,1.4728231066837907,1.4428725335747004,1.9422765737399459,1.5567654771730304,1.430490299127996,1.2490623057819903,0.11192565294913948,0.11449722986435518,0.10861217847559601,0.1632864597486332,0.1508998570498079,0.10820677093579434,1.4045855472795665,1.3490788331255317,1.8695626268163323,1.5190309267491102,1.401972592342645,,22.566751807928085,23.069923244416714,50.199373722076416,42.87598326802254,22.52415408939123,23.05964034050703,41.130084812641144,42.4657197445631,0.10665791257633828,0.1370631733443588,1.7991788843646646,1.1456149481236935,0.1051348548498936,0.13653447874821723,,1.1431055371649563
28,22.836588360369205,22.73604230582714,22.838166028261185,23.672436617314816,23.266528360545635,22.76928622275591,64.10520133376122,64.48074889183044,95.23980820178986,56.1567405462265,51.947458148002625,45.53010721504688,22.820251926779747,22.83804975450039,24.66343703866005,23.65097287297249,23.417838044464588,22.85213892161846,57.87975472211838,62.1042240858078,92.7454423904419,55.58990007638931,51.19677495956421,44.074710980057716,0.11493241833522916,0.10819241817807779,0.11100547231035307,0.15337140718474984,0.12348751304671168,0.11344830959569663,1.4727136930450797,1.442708311136812,1.9618305386975408,1.5567682702094316,1.430558806285262,1.2502980437129736,0.11197744467062876,0.1144808807875961,0.10950140960630961,0.1632725545205176,0.15091904939617962,0.10526044946163893,1.404546391684562,1.349145757034421,1.8471154300495982,1.5189739968627691,1.4019532250240445,,22.57538102567196,23.08830138295889,49.88256695866585,42.83881886303425,22.53103680163622,23.086666390299797,41.04580596089363,42.43475331366062,0.10684159398078918,0.13774168747477233,1.7963581625372171,1.1447325879707932,0.10519639571430162,0.13717154588084668,,1.1427429751493037
29,22.835157595574856,22.73733063042164,22.850053139030933,23.67012368142605,23.27055374532938,22.835858553647995,64.10466533899307,64.47741144895554,74.88446471095085,56.15792280435562,51.94214740395546,45.32853485643864,22.822675935924053,22.83598744124174,22.82295812666416,23.648567862808704,23.42153300344944,22.87179823219776,57.88439002633095,62.10512977838516,78.89714884757996,55.59013468027115,51.19620609283447,43.89574718475342,0.11493583139963448,0.10821386787574738,0.1508029024116695,0.1533164131687954,0.1234828028245829,0.11154923017602414,1.4729300988838077,1.4425285747274756,1.96082001645118,1.556785668246448,1.4305081767961383,1.2416732762940228,0.11194886965677142,0.11447582393884659,0.10876476863631979,0.1632153702666983,0.15095968905370682,0.10753568101790734,1.4045343571342528,1.3490342353470623,1.8288522772490978,1.518980241380632,1.4019697098992765,,22.57699792087078,23.094250448048115,49.87056043744087,42.84094074368477,22.53008995205164,23.086576268076897,41.04245564341545,42.43275420367718,0.10697783491923474,0.13802869798382744,1.7957168584689498,1.145093759521842,0.10529929120093584,0.13732275320217013,,1.142969697713852
